{
  "val_loss": 0.6843993067741394,
  "train_loss": 0.42106640338897705,
  "scores": {
    "mae": [
      33.537662506103516,
      10.708012580871582
    ],
    "rmse": [
      44.954532623291016,
      13.202106475830078
    ],
    "r2": [
      0.5421961545944214,
      0.2264246940612793
    ],
    "medae": [
      25.35858154296875,
      9.609481811523438
    ]
  },
  "time": 311.5602412223816
}