{
  "val_loss": 0.9399846196174622,
  "train_loss": 0.6764190793037415,
  "scores": {
    "mae": [
      45.817543029785156,
      12.451253890991211
    ],
    "rmse": [
      58.3054084777832,
      14.649868965148926
    ],
    "r2": [
      0.22989463806152344,
      0.04745924472808838
    ],
    "medae": [
      40.04364013671875,
      10.507611274719238
    ]
  },
  "time": 363.36835265159607
}