{
  "val_loss": 0.6733946800231934,
  "train_loss": 0.5350507497787476,
  "params": {
    "activation": "relu",
    "blocks": 3,
    "dropout": 0.1,
    "hidden_size": 256,
    "hidden_size_pattern": "constant",
    "lr": 0.0001,
    "weight_decay": 1e-05
  },
  "scores": {
    "mae": [
      37.89788818359375,
      10.394637107849121
    ],
    "rmse": [
      49.04964828491211,
      12.530911445617676
    ],
    "r2": [
      0.5184372663497925,
      0.22002238035202026
    ],
    "medae": [
      30.885894775390625,
      9.884153366088867
    ]
  },
  "time": 162.21082305908203
}