{
  "tfidf": {
    "val_loss": 0.6324566602706909,
    "train_loss": 0.4506853222846985,
    "params": {
      "activation": "relu",
      "blocks": 2,
      "dropout": 0.05,
      "hidden_size": 256,
      "hidden_size_pattern": "constant",
      "lr": 0.01
    },
    "scores": {
      "mae": [
        36.67906188964844,
        9.731663703918457
      ],
      "rmse": [
        48.592926025390625,
        12.000128746032715
      ],
      "r2": [
        0.5273635983467102,
        0.28469932079315186
      ],
      "medae": [
        25.144149780273438,
        8.136384963989258
      ]
    },
    "time": 299.15456342697144
  },
  "bert": {
    "val_loss": 0.7885302901268005,
    "train_loss": 0.7055898308753967,
    "params": {
      "activation": "gelu",
      "blocks": 2,
      "dropout": 0.2,
      "hidden_size": 128,
      "hidden_size_pattern": "constant",
      "lr": 0.005
    },
    "scores": {
      "mae": [
        44.350257873535156,
        10.441607475280762
      ],
      "rmse": [
        57.560630798339844,
        13.184585571289062
      ],
      "r2": [
        0.3368189334869385,
        0.13652491569519043
      ],
      "medae": [
        34.93659973144531,
        9.51964282989502
      ]
    },
    "time": 533.1681644916534
  },
  "cannyhog": {
    "val_loss": 0.9750092625617981,
    "train_loss": 0.8781099319458008,
    "params": {
      "activation": "relu",
      "blocks": 3,
      "dropout": 0.1,
      "hidden_size": 128,
      "hidden_size_pattern": "constant",
      "lr": 0.005
    },
    "scores": {
      "mae": [
        53.51911163330078,
        12.300951957702637
      ],
      "rmse": [
        65.02449035644531,
        14.361520767211914
      ],
      "r2": [
        0.1536792516708374,
        -0.02451348304748535
      ],
      "medae": [
        46.179779052734375,
        9.406497955322266
      ]
    },
    "time": 503.23635149002075
  },
  "resnet": {
    "val_loss": 0.9085851907730103,
    "train_loss": 0.840493381023407,
    "params": {
      "activation": "relu",
      "blocks": 3,
      "dropout": 0.05,
      "hidden_size": 64,
      "hidden_size_pattern": "decreasing",
      "lr": 0.0005
    },
    "scores": {
      "mae": [
        48.71372985839844,
        12.0845308303833
      ],
      "rmse": [
        61.048912048339844,
        14.217548370361328
      ],
      "r2": [
        0.2540033459663391,
        -0.004075169563293457
      ],
      "medae": [
        44.017974853515625,
        10.367788314819336
      ]
    },
    "time": 281.09846234321594
  },
  "vit": {
    "val_loss": 0.8936828970909119,
    "train_loss": 0.7502420544624329,
    "params": {
      "activation": "gelu",
      "blocks": 3,
      "dropout": 0.1,
      "hidden_size": 64,
      "hidden_size_pattern": "decreasing",
      "lr": 0.005
    },
    "scores": {
      "mae": [
        48.16691970825195,
        11.708276748657227
      ],
      "rmse": [
        60.67378234863281,
        14.046467781066895
      ],
      "r2": [
        0.26314306259155273,
        0.019943594932556152
      ],
      "medae": [
        40.028411865234375,
        8.807525634765625
      ]
    },
    "time": 407.01166129112244
  },
  "tfidf + cannyhog": {
    "val_loss": 0.6533830165863037,
    "train_loss": 0.16609644889831543,
    "params": {
      "activation": "relu",
      "blocks": 2,
      "dropout": 0.1,
      "hidden_size": 512,
      "hidden_size_pattern": "constant",
      "lr": 0.01
    },
    "scores": {
      "mae": [
        34.349815368652344,
        9.832290649414062
      ],
      "rmse": [
        47.137855529785156,
        12.60901165008545
      ],
      "r2": [
        0.5552451014518738,
        0.21026957035064697
      ],
      "medae": [
        26.838943481445312,
        7.289706707000732
      ]
    },
    "time": 459.35493063926697
  },
  "tfidf + resnet": {
    "val_loss": 0.6436684727668762,
    "train_loss": 0.4155064821243286,
    "params": {
      "activation": "relu",
      "blocks": 2,
      "dropout": 0.05,
      "hidden_size": 512,
      "hidden_size_pattern": "constant",
      "lr": 0.0005
    },
    "scores": {
      "mae": [
        34.594139099121094,
        10.59002685546875
      ],
      "rmse": [
        44.54270935058594,
        12.876354217529297
      ],
      "r2": [
        0.6028684973716736,
        0.17642593383789062
      ],
      "medae": [
        26.503952026367188,
        9.101030349731445
      ]
    },
    "time": 378.54794931411743
  },
  "tfidf + vit": {
    "val_loss": 0.6326338052749634,
    "train_loss": 0.4272361397743225,
    "params": {
      "activation": "relu",
      "blocks": 1,
      "dropout": 0.2,
      "hidden_size": 512,
      "hidden_size_pattern": "decreasing",
      "lr": 0.005
    },
    "scores": {
      "mae": [
        34.95811462402344,
        10.205870628356934
      ],
      "rmse": [
        45.735782623291016,
        12.420926094055176
      ],
      "r2": [
        0.5813093781471252,
        0.2336542010307312
      ],
      "medae": [
        28.17730712890625,
        9.496475219726562
      ]
    },
    "time": 360.20764541625977
  },
  "bert + cannyhog": {
    "val_loss": 0.7775634527206421,
    "train_loss": 0.5522691607475281,
    "params": {
      "activation": "relu",
      "blocks": 2,
      "dropout": 0.1,
      "hidden_size": 64,
      "hidden_size_pattern": "decreasing",
      "lr": 0.001
    },
    "scores": {
      "mae": [
        41.138099670410156,
        11.155350685119629
      ],
      "rmse": [
        54.1475944519043,
        13.528680801391602
      ],
      "r2": [
        0.413133442401886,
        0.09086638689041138
      ],
      "medae": [
        31.176040649414062,
        10.413786888122559
      ]
    },
    "time": 814.4780941009521
  },
  "bert + resnet": {
    "val_loss": 0.7760038375854492,
    "train_loss": 0.5459887385368347,
    "params": {
      "activation": "gelu",
      "blocks": 3,
      "dropout": 0.2,
      "hidden_size": 128,
      "hidden_size_pattern": "decreasing",
      "lr": 0.0005
    },
    "scores": {
      "mae": [
        42.394535064697266,
        10.815521240234375
      ],
      "rmse": [
        54.761009216308594,
        13.47240161895752
      ],
      "r2": [
        0.3997613787651062,
        0.09841454029083252
      ],
      "medae": [
        36.39019775390625,
        10.009186744689941
      ]
    },
    "time": 500.90091848373413
  },
  "bert + vit": {
    "val_loss": 0.7538163065910339,
    "train_loss": 0.5385815501213074,
    "params": {
      "activation": "relu",
      "blocks": 2,
      "dropout": 0.05,
      "hidden_size": 256,
      "hidden_size_pattern": "constant",
      "lr": 0.0005
    },
    "scores": {
      "mae": [
        41.766353607177734,
        10.5592622756958
      ],
      "rmse": [
        54.26542282104492,
        13.110231399536133
      ],
      "r2": [
        0.4105765223503113,
        0.14623665809631348
      ],
      "medae": [
        34.39524841308594,
        9.259641647338867
      ]
    },
    "time": 548.162615776062
  }
}