{
  "tfidf": {
    "val_loss": 0.6489423513412476,
    "train_loss": 0.5614927411079407,
    "params": {
      "activation": "relu",
      "blocks": 3,
      "dropout": 0.2,
      "hidden_size": 512,
      "hidden_size_pattern": "constant",
      "lr": 0.005,
      "weight_decay": 1e-06
    },
    "scores": {
      "mae": [
        34.90248489379883,
        10.280133247375488
      ],
      "rmse": [
        46.94644546508789,
        12.54140853881836
      ],
      "r2": [
        0.5588498115539551,
        0.21871507167816162
      ],
      "medae": [
        28.802825927734375,
        10.706310272216797
      ]
    },
    "time": 107.52270126342773
  },
  "bert": {
    "val_loss": 0.7909424304962158,
    "train_loss": 0.6203674077987671,
    "params": {
      "activation": "relu",
      "blocks": 1,
      "dropout": 0.1,
      "hidden_size": 128,
      "hidden_size_pattern": "constant",
      "lr": 0.005,
      "weight_decay": 1e-06
    },
    "scores": {
      "mae": [
        44.54752731323242,
        10.978114128112793
      ],
      "rmse": [
        56.6927604675293,
        13.326800346374512
      ],
      "r2": [
        0.3566663861274719,
        0.1177968978881836
      ],
      "medae": [
        37.94816589355469,
        9.974105834960938
      ]
    },
    "time": 214.1108090877533
  },
  "cannyhog": {
    "val_loss": 0.9881201386451721,
    "train_loss": 0.8520112633705139,
    "params": {
      "activation": "relu",
      "blocks": 2,
      "dropout": 0.1,
      "hidden_size": 128,
      "hidden_size_pattern": "decreasing",
      "lr": 0.001,
      "weight_decay": 1e-06
    },
    "scores": {
      "mae": [
        54.07102966308594,
        12.1828031539917
      ],
      "rmse": [
        66.11711883544922,
        14.317408561706543
      ],
      "r2": [
        0.12499839067459106,
        -0.018229365348815918
      ],
      "medae": [
        54.750030517578125,
        9.351165771484375
      ]
    },
    "time": 173.05548286437988
  },
  "resnet": {
    "val_loss": 0.9134652018547058,
    "train_loss": 0.7788436412811279,
    "params": {
      "activation": "relu",
      "blocks": 1,
      "dropout": 0.2,
      "hidden_size": 256,
      "hidden_size_pattern": "constant",
      "lr": 0.001,
      "weight_decay": 1e-06
    },
    "scores": {
      "mae": [
        50.60252380371094,
        11.461333274841309
      ],
      "rmse": [
        62.27570343017578,
        14.00503921508789
      ],
      "r2": [
        0.22372013330459595,
        0.025716185569763184
      ],
      "medae": [
        43.5,
        8.661989212036133
      ]
    },
    "time": 106.8573386669159
  },
  "vit": {
    "val_loss": 0.898287296295166,
    "train_loss": 0.746286153793335,
    "params": {
      "activation": "relu",
      "blocks": 3,
      "dropout": 0.1,
      "hidden_size": 128,
      "hidden_size_pattern": "decreasing",
      "lr": 0.01,
      "weight_decay": 1e-06
    },
    "scores": {
      "mae": [
        47.92958068847656,
        11.488502502441406
      ],
      "rmse": [
        61.379486083984375,
        13.898448944091797
      ],
      "r2": [
        0.24590247869491577,
        0.04049009084701538
      ],
      "medae": [
        36.85333251953125,
        8.135085105895996
      ]
    },
    "time": 155.29338932037354
  }
}