{
  "val_loss": 0.4802238643169403,
  "train_loss": 0.442574143409729,
  "scores": {
    "accuracy": [
      0.7801046967506409
    ],
    "precision": [
      0.5525015592575073
    ],
    "recall": [
      0.5097906589508057
    ],
    "f1": [
      0.5277478694915771
    ]
  },
  "time": 316.00187134742737
}