{
  "tfidf": {
    "val_loss": 0.6843993067741394,
    "train_loss": 0.42106640338897705,
    "params": {
      "activation": "relu",
      "blocks": 3,
      "dropout": 0.1,
      "hidden_size": 256,
      "hidden_size_pattern": "decreasing",
      "lr": 0.01
    },
    "scores": {
      "mae": [
        33.537662506103516,
        10.708012580871582
      ],
      "rmse": [
        44.954532623291016,
        13.202106475830078
      ],
      "r2": [
        0.5421961545944214,
        0.2264246940612793
      ],
      "medae": [
        25.35858154296875,
        9.609481811523438
      ]
    },
    "time": 311.5602412223816
  },
  "bert": {
    "val_loss": 0.8280894160270691,
    "train_loss": 0.605044424533844,
    "params": {
      "activation": "relu",
      "blocks": 3,
      "dropout": 0.1,
      "hidden_size": 256,
      "hidden_size_pattern": "constant",
      "lr": 0.005
    },
    "scores": {
      "mae": [
        40.14442443847656,
        12.286445617675781
      ],
      "rmse": [
        52.530235290527344,
        14.089853286743164
      ],
      "r2": [
        0.3748975396156311,
        0.11889219284057617
      ],
      "medae": [
        31.0562744140625,
        12.100631713867188
      ]
    },
    "time": 488.48600602149963
  },
  "cannyhog": {
    "val_loss": 0.9706603288650513,
    "train_loss": 0.8142618536949158,
    "params": {
      "activation": "gelu",
      "blocks": 3,
      "dropout": 0.1,
      "hidden_size": 256,
      "hidden_size_pattern": "constant",
      "lr": 0.001
    },
    "scores": {
      "mae": [
        49.49034118652344,
        12.683399200439453
      ],
      "rmse": [
        60.74717330932617,
        14.653011322021484
      ],
      "r2": [
        0.1640416383743286,
        0.0470505952835083
      ],
      "medae": [
        43.751007080078125,
        12.658112525939941
      ]
    },
    "time": 514.3271644115448
  },
  "resnet": {
    "val_loss": 0.967409610748291,
    "train_loss": 0.8155469298362732,
    "params": {
      "activation": "gelu",
      "blocks": 1,
      "dropout": 0.05,
      "hidden_size": 64,
      "hidden_size_pattern": "constant",
      "lr": 0.005
    },
    "scores": {
      "mae": [
        49.80326461791992,
        12.49456787109375
      ],
      "rmse": [
        61.10459518432617,
        14.552909851074219
      ],
      "r2": [
        0.15417557954788208,
        0.06002616882324219
      ],
      "medae": [
        43.052734375,
        12.36444091796875
      ]
    },
    "time": 332.91622281074524
  },
  "vit": {
    "val_loss": 0.9399846196174622,
    "train_loss": 0.6764190793037415,
    "params": {
      "activation": "relu",
      "blocks": 3,
      "dropout": 0.2,
      "hidden_size": 512,
      "hidden_size_pattern": "constant",
      "lr": 0.005
    },
    "scores": {
      "mae": [
        45.817543029785156,
        12.451253890991211
      ],
      "rmse": [
        58.3054084777832,
        14.649868965148926
      ],
      "r2": [
        0.22989463806152344,
        0.04745924472808838
      ],
      "medae": [
        40.04364013671875,
        10.507611274719238
      ]
    },
    "time": 363.36835265159607
  },
  "tfidf + cannyhog": {
    "val_loss": 0.6849963068962097,
    "train_loss": 0.33431318402290344,
    "params": {
      "activation": "relu",
      "blocks": 2,
      "dropout": 0.2,
      "hidden_size": 128,
      "hidden_size_pattern": "decreasing",
      "lr": 0.01
    },
    "scores": {
      "mae": [
        33.188758850097656,
        10.743825912475586
      ],
      "rmse": [
        45.11851119995117,
        13.192777633666992
      ],
      "r2": [
        0.5388502478599548,
        0.22751760482788086
      ],
      "medae": [
        24.412628173828125,
        9.586085319519043
      ]
    },
    "time": 515.9669620990753
  },
  "tfidf + resnet": {
    "val_loss": 0.6662147641181946,
    "train_loss": 0.025343814864754677,
    "params": {
      "activation": "relu",
      "blocks": 1,
      "dropout": 0.1,
      "hidden_size": 512,
      "hidden_size_pattern": "constant",
      "lr": 0.01
    },
    "scores": {
      "mae": [
        31.435914993286133,
        10.327535629272461
      ],
      "rmse": [
        42.7173957824707,
        13.236003875732422
      ],
      "r2": [
        0.5866271257400513,
        0.22244727611541748
      ],
      "medae": [
        23.2838134765625,
        8.545528411865234
      ]
    },
    "time": 344.83815145492554
  },
  "tfidf + vit": {
    "val_loss": 0.6940857172012329,
    "train_loss": 0.24639327824115753,
    "params": {
      "activation": "relu",
      "blocks": 2,
      "dropout": 0.1,
      "hidden_size": 512,
      "hidden_size_pattern": "constant",
      "lr": 0.005
    },
    "scores": {
      "mae": [
        32.17667007446289,
        10.970651626586914
      ],
      "rmse": [
        43.559871673583984,
        13.512754440307617
      ],
      "r2": [
        0.5701611638069153,
        0.18959176540374756
      ],
      "medae": [
        22.415557861328125,
        9.53287124633789
      ]
    },
    "time": 351.0392224788666
  },
  "bert + cannyhog": {
    "val_loss": 0.8253651261329651,
    "train_loss": 0.43512219190597534,
    "params": {
      "activation": "gelu",
      "blocks": 2,
      "dropout": 0.1,
      "hidden_size": 128,
      "hidden_size_pattern": "decreasing",
      "lr": 0.001
    },
    "scores": {
      "mae": [
        39.992923736572266,
        11.68847370147705
      ],
      "rmse": [
        53.06746292114258,
        13.977117538452148
      ],
      "r2": [
        0.3620463013648987,
        0.13293558359146118
      ],
      "medae": [
        28.916107177734375,
        11.280685424804688
      ]
    },
    "time": 800.2403335571289
  },
  "bert + resnet": {
    "val_loss": 0.8204153776168823,
    "train_loss": 0.5023421049118042,
    "params": {
      "activation": "relu",
      "blocks": 3,
      "dropout": 0.05,
      "hidden_size": 128,
      "hidden_size_pattern": "decreasing",
      "lr": 0.01
    },
    "scores": {
      "mae": [
        41.84903335571289,
        11.567338943481445
      ],
      "rmse": [
        53.91434860229492,
        13.779701232910156
      ],
      "r2": [
        0.3415220379829407,
        0.15725600719451904
      ],
      "medae": [
        32.3992919921875,
        10.50867748260498
      ]
    },
    "time": 460.50381445884705
  },
  "bert + vit": {
    "val_loss": 0.8286768198013306,
    "train_loss": 0.6084652543067932,
    "params": {
      "activation": "relu",
      "blocks": 3,
      "dropout": 0.1,
      "hidden_size": 64,
      "hidden_size_pattern": "decreasing",
      "lr": 0.01
    },
    "scores": {
      "mae": [
        39.46072006225586,
        12.191564559936523
      ],
      "rmse": [
        51.13395690917969,
        14.292937278747559
      ],
      "r2": [
        0.4076869487762451,
        0.09330946207046509
      ],
      "medae": [
        33.4837646484375,
        11.848417282104492
      ]
    },
    "time": 458.65085911750793
  }
}