{
  "val_loss": 0.5015429854393005,
  "train_loss": 0.7205859422683716,
  "scores": {
    "accuracy": [
      0.753926694393158
    ],
    "precision": [
      0.37191474437713623
    ],
    "recall": [
      0.37124383449554443
    ],
    "f1": [
      0.36983805894851685
    ]
  },
  "time": 249.9429054260254
}