{
  "val_loss": 0.6371405720710754,
  "train_loss": 0.5553191900253296,
  "scores": {
    "accuracy": [
      0.6806282997131348
    ],
    "precision": [
      0.5195537209510803
    ],
    "recall": [
      0.42918717861175537
    ],
    "f1": [
      0.44089576601982117
    ]
  },
  "time": 319.7756178379059
}