{
  "val_loss": 0.6940857172012329,
  "train_loss": 0.24639327824115753,
  "scores": {
    "mae": [
      32.17667007446289,
      10.970651626586914
    ],
    "rmse": [
      43.559871673583984,
      13.512754440307617
    ],
    "r2": [
      0.5701611638069153,
      0.18959176540374756
    ],
    "medae": [
      22.415557861328125,
      9.53287124633789
    ]
  },
  "time": 351.0392224788666
}